week,total_orders,total_return_proxy,avg_delivery_delay,return_rate
2016-10-03,283.0,85.0,-36.53389830508475,0.3003533568904594
2017-01-16,197.0,25.0,-28.798941798941797,0.12690355329949238
2017-01-23,354.0,61.0,-27.072289156626507,0.17231638418079095
2017-01-30,467.0,71.0,-23.930555555555557,0.15203426124197003
2017-02-06,548.0,70.0,-20.64187866927593,0.12773722627737227
2017-02-13,411.0,82.0,-20.269129287598943,0.19951338199513383
2017-02-20,379.0,68.0,-15.0945558739255,0.17941952506596306
2017-02-27,497.0,72.0,-11.928416485900216,0.1448692152917505
2017-03-06,582.0,91.0,-11.52919708029197,0.1563573883161512
2017-03-13,615.0,80.0,-11.074450084602368,0.13008130081300814
2017-03-20,654.0,98.0,-13.288461538461538,0.14984709480122324
2017-03-27,565.0,73.0,-14.346153846153847,0.12920353982300886
2017-04-03,586.0,86.0,-14.50266429840142,0.14675767918088736
2017-04-10,443.0,75.0,-13.719714964370546,0.16930022573363432
2017-04-17,571.0,104.0,-10.245871559633027,0.18213660245183888
2017-04-24,671.0,98.0,-12.804347826086957,0.14605067064083457
2017-05-01,788.0,116.0,-13.938666666666666,0.14720812182741116
2017-05-08,794.0,104.0,-11.339973439575033,0.1309823677581864
2017-05-15,940.0,118.0,-13.591703056768559,0.125531914893617
2017-05-22,784.0,84.0,-14.906455862977602,0.10714285714285714
2017-05-29,836.0,112.0,-13.7825,0.1339712918660287
2017-06-05,847.0,115.0,-13.377149877149877,0.1357733175914994
2017-06-12,753.0,99.0,-12.068870523415978,0.13147410358565736
2017-06-19,661.0,82.0,-12.124409448818898,0.12405446293494705
2017-06-26,730.0,93.0,-12.222379603399434,0.1273972602739726
2017-07-03,841.0,97.0,-12.547858942065492,0.11533888228299644
2017-07-10,959.0,114.0,-11.908207343412528,0.11887382690302398
2017-07-17,963.0,122.0,-12.56136606189968,0.12668743509865005
2017-07-24,927.0,114.0,-12.781634938409855,0.12297734627831715
2017-07-31,984.0,122.0,-13.069182389937106,0.12398373983739837
2017-08-07,939.0,103.0,-13.003293084522502,0.10969116080937168
2017-08-14,1044.0,122.0,-13.87202380952381,0.11685823754789272
2017-08-21,890.0,104.0,-13.344547563805104,0.11685393258426967
2017-08-28,1009.0,102.0,-11.488253319713994,0.10109018830525272
2017-09-04,904.0,113.0,-9.984072810011376,0.125
2017-09-11,1164.0,153.0,-9.450704225352112,0.13144329896907217
2017-09-18,994.0,139.0,-12.150627615062762,0.1398390342052314
2017-09-25,964.0,111.0,-14.65081081081081,0.11514522821576763
2017-10-02,999.0,132.0,-14.812307692307693,0.13213213213213212
2017-10-09,1070.0,144.0,-10.596116504854368,0.13457943925233645
2017-10-16,1147.0,166.0,-11.106787330316742,0.14472537053182213
2017-10-23,978.0,111.0,-11.98,0.11349693251533742
2017-10-30,942.0,141.0,-10.911111111111111,0.14968152866242038
2017-11-06,1217.0,171.0,-10.280821917808218,0.14050944946589974
2017-11-13,1313.0,203.0,-8.639396346306592,0.1546077684691546
2017-11-20,3008.0,654.0,-6.555060034305317,0.21742021276595744
2017-11-27,2098.0,431.0,-8.86021505376344,0.20543374642516682
2017-12-04,1692.0,299.0,-11.70570202329859,0.17671394799054374
2017-12-11,1401.0,222.0,-13.29407461594733,0.15845824411134904
2017-12-18,978.0,140.0,-13.963235294117647,0.14314928425357873
2017-12-25,877.0,117.0,-15.088681446907819,0.13340935005701254
2018-01-01,1383.0,201.0,-14.724832214765101,0.14533622559652928
2018-01-08,1785.0,250.0,-13.390678941311853,0.1400560224089636
2018-01-15,1750.0,285.0,-12.380281690140846,0.16285714285714287
2018-01-22,1591.0,269.0,-12.354692556634305,0.16907605279698304
2018-01-29,1598.0,244.0,-11.955156950672645,0.15269086357947434
2018-02-05,1584.0,290.0,-11.218689162881246,0.1830808080808081
2018-02-12,1640.0,321.0,-8.038871473354233,0.19573170731707318
2018-02-19,1756.0,409.0,-5.956242707117853,0.23291571753986332
2018-02-26,1903.0,541.0,-3.8674959437533802,0.2842879663688912
2018-03-05,1643.0,441.0,-5.259699624530663,0.2684114424832623
2018-03-12,1595.0,374.0,-6.384815055158987,0.23448275862068965
2018-03-19,1716.0,320.0,-7.977857570317175,0.1864801864801865
2018-03-26,1471.0,265.0,-8.194269741439554,0.18014955812372535
2018-04-02,1590.0,217.0,-10.638585209003216,0.13647798742138365
2018-04-09,1554.0,198.0,-13.5,0.1274131274131274
2018-04-16,1672.0,217.0,-14.39034819792303,0.1297846889952153
2018-04-23,1676.0,197.0,-13.412621359223301,0.1175417661097852
2018-04-30,1770.0,210.0,-13.011534025374855,0.11864406779661017
2018-05-07,1987.0,247.0,-11.019042717447247,0.12430800201308505
2018-05-14,1837.0,240.0,-8.009418282548477,0.130647795318454
2018-05-21,954.0,103.0,-13.605738575982997,0.10796645702306079
2018-05-28,1083.0,106.0,-26.003720930232557,0.09787626962142197
2018-06-04,1438.0,182.0,-22.21956368754398,0.12656467315716272
2018-06-11,1514.0,159.0,-17.064128256513026,0.10501981505944517
2018-06-18,1457.0,133.0,-17.38002773925104,0.091283459162663
2018-06-25,1401.0,147.0,-17.484760522496373,0.10492505353319058
2018-07-02,1196.0,105.0,-14.553480475382003,0.08779264214046822
2018-07-09,1001.0,145.0,-10.581275720164609,0.14485514485514486
2018-07-16,1678.0,186.0,-11.120072771376591,0.11084624553039332
2018-07-23,1646.0,169.0,-10.632919254658384,0.10267314702308628
2018-07-30,2058.0,286.0,-7.276723276723277,0.13896987366375121
2018-08-06,1988.0,251.0,-7.713102019678923,0.12625754527162977
2018-08-13,1875.0,163.0,-9.223491027732463,0.08693333333333333
2018-08-20,1071.0,90.0,-9.044592030360532,0.08403361344537816
